<?xml version="1.0" encoding="UTF-8"?>
<project-private xmlns="http://www.netbeans.org/ns/project-private/1">
    <editor-bookmarks xmlns="http://www.netbeans.org/ns/editor-bookmarks/2" lastBookmarkId="0"/>
    <open-files xmlns="http://www.netbeans.org/ns/projectui-open-files/2">
        <group>
            <file>file:/Users/shubhamgupta/NetBeansProjects/WebApplication3/web/subjectdelete.jsp</file>
            <file>file:/Users/shubhamgupta/NetBeansProjects/WebApplication3/web/signin.jsp</file>
            <file>file:/Users/shubhamgupta/NetBeansProjects/WebApplication3/web/notsigninuser.jsp</file>
            <file>file:/Users/shubhamgupta/NetBeansProjects/WebApplication3/web/successregister.jsp</file>
            <file>file:/Users/shubhamgupta/NetBeansProjects/WebApplication3/web/header.jsp</file>
            <file>file:/Users/shubhamgupta/NetBeansProjects/WebApplication3/web/resultshow.jsp</file>
            <file>file:/Users/shubhamgupta/NetBeansProjects/WebApplication3/web/registrationfailed1.jsp</file>
            <file>file:/Users/shubhamgupta/NetBeansProjects/WebApplication3/web/footer.jsp</file>
            <file>file:/Users/shubhamgupta/NetBeansProjects/WebApplication3/web/notregistered.jsp</file>
            <file>file:/Users/shubhamgupta/NetBeansProjects/WebApplication3/web/update.jsp</file>
            <file>file:/Users/shubhamgupta/NetBeansProjects/WebApplication3/web/registration.jsp</file>
            <file>file:/Users/shubhamgupta/NetBeansProjects/WebApplication3/web/result.jsp</file>
            <file>file:/Users/shubhamgupta/NetBeansProjects/WebApplication3/web/adminregistration.jsp</file>
            <file>file:/Users/shubhamgupta/NetBeansProjects/WebApplication3/web/subjects.jsp</file>
            <file>file:/Users/shubhamgupta/NetBeansProjects/WebApplication3/web/multiplesign.jsp</file>
            <file>file:/Users/shubhamgupta/NetBeansProjects/WebApplication3/src/java/answersubmit.java</file>
            <file>file:/Users/shubhamgupta/NetBeansProjects/WebApplication3/web/notice.jsp</file>
            <file>file:/Users/shubhamgupta/NetBeansProjects/WebApplication3/web/adminnotice.jsp</file>
            <file>file:/Users/shubhamgupta/NetBeansProjects/WebApplication3/web/javascript.html</file>
            <file>file:/Users/shubhamgupta/NetBeansProjects/WebApplication3/web/index.jsp</file>
            <file>file:/Users/shubhamgupta/NetBeansProjects/WebApplication3/web/login.jsp</file>
            <file>file:/Users/shubhamgupta/NetBeansProjects/WebApplication3/web/signout.jsp</file>
            <file>file:/Users/shubhamgupta/NetBeansProjects/WebApplication3/web/signout1.jsp</file>
            <file>file:/Users/shubhamgupta/NetBeansProjects/WebApplication3/web/feedback.jsp</file>
            <file>file:/Users/shubhamgupta/NetBeansProjects/WebApplication3/web/exam.jsp</file>
            <file>file:/Users/shubhamgupta/NetBeansProjects/WebApplication3/web/showpaper1.jsp</file>
            <file>file:/Users/shubhamgupta/NetBeansProjects/WebApplication3/web/showpaper.jsp</file>
            <file>file:/Users/shubhamgupta/NetBeansProjects/WebApplication3/web/bar.jsp</file>
            <file>file:/Users/shubhamgupta/NetBeansProjects/WebApplication3/web/feedbacksubmit.jsp</file>
            <file>file:/Users/shubhamgupta/NetBeansProjects/WebApplication3/web/menu.jsp</file>
            <file>file:/Users/shubhamgupta/NetBeansProjects/WebApplication3/web/subjectadd.jsp</file>
            <file>file:/Users/shubhamgupta/NetBeansProjects/WebApplication3/web/notsignin.jsp</file>
            <file>file:/Users/shubhamgupta/NetBeansProjects/WebApplication3/web/paper.jsp</file>
            <file>file:/Users/shubhamgupta/NetBeansProjects/WebApplication3/web/home.jsp</file>
            <file>file:/Users/shubhamgupta/NetBeansProjects/WebApplication3/web/subjectregistration.jsp</file>
            <file>file:/Users/shubhamgupta/NetBeansProjects/WebApplication3/web/report.jsp</file>
            <file>file:/Users/shubhamgupta/NetBeansProjects/WebApplication3/web/user.jsp</file>
            <file>file:/Users/shubhamgupta/NetBeansProjects/WebApplication3/web/registrationfailed.jsp</file>
            <file>file:/Users/shubhamgupta/NetBeansProjects/WebApplication3/web/showresult.jsp</file>
        </group>
    </open-files>
</project-private>
